{
  "price-range": {
    "precision": 0.75,
    "recall": 1.0,
    "f1-score": 0.8571428571428571,
    "support": 3,
    "confused_with": {}
  },
  "object_type": {
    "precision": 1.0,
    "recall": 1.0,
    "f1-score": 1.0,
    "support": 14,
    "confused_with": {}
  },
  "restaurant": {
    "precision": 1.0,
    "recall": 1.0,
    "f1-score": 1.0,
    "support": 4,
    "confused_with": {}
  },
  "cuisine": {
    "precision": 1.0,
    "recall": 1.0,
    "f1-score": 1.0,
    "support": 3,
    "confused_with": {}
  },
  "attribute": {
    "precision": 1.0,
    "recall": 0.6666666666666666,
    "f1-score": 0.8,
    "support": 3,
    "confused_with": {
      "price-range": 1
    }
  },
  "micro avg": {
    "precision": 0.9629629629629629,
    "recall": 0.9629629629629629,
    "f1-score": 0.9629629629629629,
    "support": 27
  },
  "macro avg": {
    "precision": 0.95,
    "recall": 0.9333333333333333,
    "f1-score": 0.9314285714285715,
    "support": 27
  },
  "weighted avg": {
    "precision": 0.9722222222222222,
    "recall": 0.9629629629629629,
    "f1-score": 0.9619047619047618,
    "support": 27
  },
  "accuracy": 0.9911504424778761
}